mysql> SELECT * FROM Account;
+----+--------------------+----------+---------------------+---------------------+
| id | email              | password | createdOn           | modifiedOn          |
+----+--------------------+----------+---------------------+---------------------+
|  1 | top.nora@gmail.com | 123      | 2015-09-22 00:00:00 | 2015-09-22 00:00:00 |
|  2 | top.nora@gmail.com | 123      | 2015-09-22 00:00:00 | 2015-09-22 00:00:00 |
+----+--------------------+----------+---------------------+---------------------+
2 rows in set (0.00 sec)

mysql> SELECT * FROM AddressBook;
+----+-----------+---------------+---------------------+---------------------+
| id | accountId | name          | createdOn           | modifiedOn          |
+----+-----------+---------------+---------------------+---------------------+
|  1 |         2 | myAddressBook | 2015-09-22 00:00:00 | 2015-09-22 00:00:00 |
+----+-----------+---------------+---------------------+---------------------+
1 row in set (0.01 sec)

mysql> SELECT * FROM Entry;
+----+---------------+-----------+----------+---------------------+------+---------+----------------+----------------+------------------+-----------------+-----------------+
| id | addressBookId | firstName | lastName | birthday            | type | subtype | contentLineOne | contentLineTwo | contentLineThree | contentLineFour | contentLineFive |
+----+---------------+-----------+----------+---------------------+------+---------+----------------+----------------+------------------+-----------------+-----------------+
|  1 |             1 | Nora      | TOP      | 1984-03-28 00:00:00 | work | address |                | NULL           | NULL             | NULL            | NULL            |
+----+---------------+-----------+----------+---------------------+------+---------+----------------+----------------+------------------+-----------------+-----------------+
1 row in set (0.00 sec)
